{"api":{"$self":{"name":"v1:17185524","groupId":"d45c6255-0429-46e4-8d78-fddeaadd9311","assetId":"american-flights-api","assetVersion":"1.0.1","productVersion":"v1","description":null,"tags":[],"order":1,"providerId":null,"deprecated":false,"endpointUri":"http://training4-american-ws-sjb-proxy.us-e2.cloudhub.io/","instanceLabel":null}},"endpoint":{"$self":{"type":"rest","uri":"http://training4-american-ws-sjb.us-e2.cloudhub.io/api/","proxyUri":"http://0.0.0.0:8081/","isCloudHub":true,"deploymentType":"CH","policiesVersion":null,"proxyTemplate":{"assetId":"api-gateway-sample-rest-proxy","assetVersion":"3.1.0","groupId":"org.mule.examples"},"referencesUserDomain":false,"responseTimeout":null,"muleVersion4OrAbove":true}},"slaTiers":[{"$self":{"name":"Free","limits":[{"visible":true,"timePeriodInMilliseconds":60000,"maximumRequests":1}],"status":"ACTIVE","autoApprove":true,"description":null}},{"$self":{"name":"Premium","limits":[{"visible":true,"timePeriodInMilliseconds":1,"maximumRequests":1}],"status":"ACTIVE","autoApprove":false,"description":null}}],"policyConfigurations":[{"$self":{"policyTemplateId":"320676","groupId":"68ef9520-24e9-4cf2-b2f5-620025690913","assetId":"rate-limiting-sla-based","assetVersion":"1.2.8","configurationData":{"clientIdExpression":"#[attributes.headers['client_id']]","clientSecretExpression":"#[attributes.headers['client_secret']]","clusterizable":true,"exposeHeaders":true},"pointcutData":null,"disabled":false,"order":1}}]}